year,BLUE,OSCAR,LUCE,CABLE-POP_plus_FAO_peat,CABLE-POP_plus_LPX_Bern_peat,CABLE-POP_plus_ORCHIDEE_peat,CLASSIC_plus_FAO_peat,CLASSIC_plus_LPX_Bern_peat,CLASSIC_plus_ORCHIDEE_peat,CLM6.0_plus_FAO_peat,CLM6.0_plus_LPX_Bern_peat,CLM6.0_plus_ORCHIDEE_peat,CLM-FATES_plus_FAO_peat,CLM-FATES_plus_LPX_Bern_peat,CLM-FATES_plus_ORCHIDEE_peat,DLEM_plus_FAO_peat,DLEM_plus_LPX_Bern_peat,DLEM_plus_ORCHIDEE_peat,ED_plus_FAO_peat,ED_plus_LPX_Bern_peat,ED_plus_ORCHIDEE_peat,ELM_plus_FAO_peat,ELM_plus_LPX_Bern_peat,ELM_plus_ORCHIDEE_peat,ELM-FATES_plus_FAO_peat,ELM-FATES_plus_LPX_Bern_peat,ELM-FATES_plus_ORCHIDEE_peat,GDSTEM_plus_FAO_peat,GDSTEM_plus_LPX_Bern_peat,GDSTEM_plus_ORCHIDEE_peat,IBIS_plus_FAO_peat,IBIS_plus_LPX_Bern_peat,IBIS_plus_ORCHIDEE_peat,iMAPLE_plus_FAO_peat,iMAPLE_plus_LPX_Bern_peat,iMAPLE_plus_ORCHIDEE_peat,ISAM_plus_FAO_peat,ISAM_plus_LPX_Bern_peat,ISAM_plus_ORCHIDEE_peat,JSBACH_plus_FAO_peat,JSBACH_plus_LPX_Bern_peat,JSBACH_plus_ORCHIDEE_peat,JULES_plus_FAO_peat,JULES_plus_LPX_Bern_peat,JULES_plus_ORCHIDEE_peat,LPJ-EOSIM_plus_FAO_peat,LPJ-EOSIM_plus_LPX_Bern_peat,LPJ-EOSIM_plus_ORCHIDEE_peat,LPJ-GUESS_plus_FAO_peat,LPJ-GUESS_plus_LPX_Bern_peat,LPJ-GUESS_plus_ORCHIDEE_peat,LPJml_plus_FAO_peat,LPJml_plus_LPX_Bern_peat,LPJml_plus_ORCHIDEE_peat,LPX_plus_FAO_peat,LPX_plus_LPX_Bern_peat,LPX_plus_ORCHIDEE_peat,Orchidee_plus_FAO_peat,Orchidee_plus_LPX_Bern_peat,Orchidee_plus_ORCHIDEE_peat,SDGVM_plus_FAO_peat,SDGVM_plus_LPX_Bern_peat,SDGVM_plus_ORCHIDEE_peat,VISIT_plus_FAO_peat,VISIT_plus_LPX_Bern_peat,VISIT_plus_ORCHIDEE_peat,VISIT-UT_plus_FAO_peat,VISIT-UT_plus_LPX_Bern_peat,VISIT-UT_plus_ORCHIDEE_peat
1959,2.913,1.85103,2.35341,2.2000405840000004,2.3945905840000004,2.302640584,1.268494,1.463044,1.371094,2.341358209,2.535908209,2.443958209,1.3497352,1.5442852,1.4523352,3.2443125090000002,3.4388625090000002,3.346912509,2.395264742,2.589814742,2.497864742,2.09751256,2.29206256,2.20011256,1.653919951,1.8484699510000002,1.756519951,2.437478784,2.632028784,2.540078784,1.75650756,1.9510575600000002,1.85910756,2.3771981,2.5717481,2.4797981,2.559532,2.754082,2.6621319999999997,1.1431741999999998,1.3377241999999998,1.2457741999999998,1.600122826,1.7946728260000002,1.702722826,2.3154334700000003,2.5099834700000003,2.41803347,1.9236189499999998,2.11816895,2.02621895,2.074777754,2.269327754,2.177377754,1.328772012,1.523322012,1.431372012,1.2407255099999999,1.4352755099999999,1.34332551,1.6256440829999999,1.820194083,1.7282440829999999,1.95962,2.15417,2.06222,1.10915836,1.30370836,1.21175836
1960,2.45113,1.76627,2.01396,1.794820689,1.8986906890000002,1.8590406890000002,1.4609789999999998,1.564849,1.525199,2.387140173,2.491010173,2.451360173,1.1754425,1.2793125,1.2396625000000001,3.2285253870000004,3.332395387,3.292745387,2.616260703,2.7201307029999997,2.6804807029999997,1.2098150399999998,1.31368504,1.27403504,1.064452775,1.168322775,1.128672775,2.812567686,2.9164376859999996,2.8767876859999997,1.9697025799999999,2.07357258,2.03392258,3.7772652,3.8811351999999997,3.8414851999999997,2.986733,3.0906029999999998,3.050953,0.869558,0.973428,0.933778,1.5854525899999998,1.68932259,1.64967259,1.52805996,1.6319299600000001,1.5922799600000002,1.9018163,2.0056863,1.9660363,1.9929180149999999,2.096788015,2.057138015,1.428159646,1.532029646,1.492379646,1.33986345,1.44373345,1.4040834500000001,1.7842036,1.8880736,1.8484236,1.5065799999999998,1.61045,1.5708,1.6947843999999999,1.7986544,1.7590044
1961,2.47789,1.74316,2.02635,1.358851593,1.5558415930000002,1.436751593,1.11486,1.3118500000000002,1.19276,1.857551343,2.054541343,1.935451343,1.1060825,1.3030725,1.1839825,3.0153909100000003,3.2123809100000003,3.0932909100000003,2.180448867,2.377438867,2.2583488669999996,1.6643654799999998,1.8613554799999998,1.74226548,1.6049996119999999,1.8019896119999999,1.682899612,1.797272279,1.994262279,1.875172279,1.4825219699999999,1.67951197,1.56042197,0.8355318,1.0325218,0.9134318,1.9813319999999999,2.178322,2.0592319999999997,0.87043,1.06742,0.94833,1.630068418,1.827058418,1.707968418,1.74451633,1.9415063300000002,1.82241633,1.55822274,1.7552127400000002,1.63612274,1.473819867,1.670809867,1.551719867,1.011025304,1.208015304,1.088925304,1.1844415199999998,1.38143152,1.2623415199999999,1.491063592,1.6880535920000002,1.568963592,1.5670499999999998,1.76404,1.64495,0.49993226,0.69692226,0.57783226
1962,2.31003,1.6444,1.89033,1.770298932,1.7553389320000001,1.837438932,0.883397,0.8684369999999999,0.950537,1.9510212839999999,1.936061284,2.018161284,1.3405065999999999,1.3255466,1.4076466,2.4977687250000002,2.482808725,2.564908725,2.285832007,2.270872007,2.352972007,1.3148647,1.2999047000000001,1.3820047,1.4008811689999998,1.385921169,1.468021169,1.85424579,1.8392857900000001,1.92138579,1.3393455399999998,1.32438554,1.4064855399999998,1.2106008,1.1956408,1.2777408000000001,2.012314,1.997354,2.079454,0.9497140000000001,0.9347540000000001,1.016854,1.46607405,1.4511140500000002,1.5332140500000002,1.52411287,1.50915287,1.59125287,1.47450022,1.45954022,1.5416402200000001,1.6663480149999998,1.651388015,1.7334880149999998,1.0344083929999999,1.019448393,1.1015483929999998,1.1421071999999999,1.1271472,1.2092472,1.201884355,1.1869243550000002,1.269024355,1.5774599999999999,1.5625,1.6446,0.19711468999999998,0.18215469,0.26425469
1963,2.24292,1.62795,1.82236,2.021966263,2.054796263,2.090986263,0.91842,0.9512499999999999,0.98744,1.914021885,1.946851885,1.983041885,1.3925906,1.4254206,1.4616106,2.2948417340000002,2.327671734,2.3638617340000003,2.351562276,2.384392276,2.420582276,1.6616610299999999,1.69449103,1.73068103,1.497757364,1.530587364,1.566777364,2.463794286,2.496624286,2.532814286,1.3840332199999998,1.41686322,1.45305322,1.1163477,1.1491777,1.1853677,2.065148,2.097978,2.134168,1.121867,1.154697,1.190887,1.3919073199999998,1.42473732,1.46092732,1.36464693,1.39747693,1.43366693,1.12294165,1.15577165,1.19196165,1.5554343659999998,1.588264366,1.624454366,0.48653175699999995,0.519361757,0.5555517569999999,1.11394816,1.14677816,1.1829681600000002,0.955422538,0.988252538,1.024442538,1.4895399999999999,1.52237,1.55856,0.21448206,0.24731206,0.28350206
1964,2.12081,1.58021,1.75197,1.6500525739999998,1.659892574,1.7329225739999998,0.690633,0.700473,0.773503,1.886658373,1.896498373,1.969528373,1.2365572999999999,1.2463973,1.3194272999999999,2.16415471,2.17399471,2.24702471,2.298799869,2.3086398690000003,2.381669869,1.28332089,1.29316089,1.36619089,0.832254719,0.842094719,0.915124719,1.437861806,1.447701806,1.520731806,1.03292722,1.04276722,1.11579722,0.6313898,0.6412298,0.7142598,1.703813,1.713653,1.786683,1.1477359999999999,1.157576,1.2306059999999999,1.2231885699999998,1.2330285699999999,1.3060585699999998,1.30168146,1.31152146,1.38455146,1.25301197,1.26285197,1.33588197,1.828859891,1.838699891,1.911729891,0.840141927,0.849981927,0.923011927,1.0851788,1.0950188,1.1680488,1.123095548,1.132935548,1.205965548,1.4974399999999999,1.50728,1.5803099999999999,0.27148954999999997,0.28132955000000004,0.35435954999999997
1965,2.03152,1.52027,1.67645,1.576250567,1.579640567,1.6299905670000001,1.2082039999999998,1.2115939999999998,1.261944,1.900469654,1.903859654,1.954209654,1.1795155,1.1829055,1.2332555,2.1674663940000003,2.1708563940000003,2.221206394,2.234421149,2.237811149,2.288161149,1.7165676079999999,1.7199576079999999,1.770307608,0.6847571140000001,0.6881471140000001,0.7384971140000001,1.8486165559999999,1.8520065559999999,1.902356556,1.36748877,1.37087877,1.4212287700000001,0.8085855000000001,0.8119755000000001,0.8623255000000001,1.5267069999999998,1.5300969999999998,1.580447,1.3262829999999999,1.3296729999999999,1.380023,1.604191331,1.607581331,1.6579313310000001,1.2798872399999999,1.2832772399999999,1.33362724,1.41342821,1.41681821,1.46716821,1.538873519,1.542263519,1.5926135190000001,1.059301533,1.062691533,1.113041533,1.01707173,1.02046173,1.07081173,1.062045367,1.065435367,1.115785367,1.60798,1.61137,1.66172,0.29737373,0.30076373,0.35111373
1966,1.86901,1.44036,1.53545,1.485519052,1.406919052,1.541059052,0.665074,0.586474,0.7206140000000001,1.699425252,1.620825252,1.754965252,1.334201,1.255601,1.3897410000000001,2.29514953,2.21654953,2.35068953,2.154011702,2.075411702,2.2095517019999997,1.4041221199999998,1.3255221199999998,1.45966212,0.886236268,0.807636268,0.9417762679999999,1.5196904519999999,1.4410904519999999,1.575230452,1.18175287,1.10315287,1.23729287,0.7834049000000001,0.7048049000000001,0.8389449,1.6727159999999999,1.5941159999999999,1.728256,0.960451,0.881851,1.015991,1.5694100899999999,1.4908100899999999,1.62495009,1.1333682,1.0547682,1.1889082,1.14149638,1.06289638,1.19703638,1.7652293639999999,1.6866293639999999,1.820769364,0.35697744600000003,0.27837744600000003,0.412517446,0.8987191,0.8201191,0.9542591,0.760364783,0.681764783,0.8159047829999999,1.41692,1.33832,1.47246,0.11919003,0.04059003,0.17473003
1967,2.00413,1.43771,1.67595,1.6873965469999999,1.679956547,1.7532165469999998,0.90245,0.89501,0.96827,1.609978663,1.602538663,1.675798663,1.4000876,1.3926476,1.4659076,2.124679205,2.1172392049999997,2.190499205,2.036093611,2.0286536109999997,2.101913611,1.32550873,1.31806873,1.39132873,0.860248726,0.852808726,0.926068726,1.163383841,1.155943841,1.229203841,1.07955523,1.0721152299999999,1.14537523,0.2952035,0.2877635,0.3610235,1.4786849999999998,1.471245,1.5445049999999998,0.859496,0.852056,0.925316,1.2963136499999999,1.28887365,1.3621336499999999,1.27381312,1.2663731200000001,1.33963312,1.2984402,1.2910002,1.3642602,1.1921415439999998,1.184701544,1.2579615439999998,0.596152602,0.588712602,0.661972602,0.90091241,0.89347241,0.96673241,0.582304852,0.574864852,0.648124852,1.59236,1.58492,1.65818,0.05505549,0.047615489999999996,0.12087548999999999
1968,2.01168,1.45352,1.71531,1.717698916,1.7328389160000002,1.775998916,0.6928690000000001,0.7080090000000001,0.751169,1.6623644469999999,1.677504447,1.7206644469999999,1.3465532999999998,1.3616933,1.4048532999999999,2.300209539,2.3153495389999996,2.358509539,2.40214054,2.4172805399999997,2.46044054,1.47137969,1.4865196900000002,1.52967969,0.841972391,0.857112391,0.9002723909999999,1.804647463,1.8197874630000002,1.862947463,1.23642842,1.2515684200000001,1.29472842,1.2067105999999999,1.2218506,1.2650105999999999,1.9167429999999999,1.931883,1.9750429999999999,1.123786,1.138926,1.182086,1.28544335,1.3005833500000001,1.34374335,1.02501331,1.04015331,1.08331331,1.21412299,1.22926299,1.27242299,1.451226967,1.4663669670000001,1.509526967,0.43425321800000005,0.44939321800000004,0.492553218,0.8553219000000001,0.8704619,0.9136219000000001,0.726837477,0.741977477,0.7851374769999999,1.2117399999999998,1.22688,1.2700399999999998,0.12390648,0.13904648,0.18220647999999998
1969,2.21087,1.5439,1.92799,1.255526727,1.353356727,1.312706727,0.971523,1.069353,1.028703,1.7608251739999998,1.858655174,1.8180051739999998,1.5241871999999999,1.6220172,1.5813671999999999,2.380101474,2.477931474,2.4372814739999997,2.08125664,2.17908664,2.13843664,2.040932835,2.138762835,2.0981128350000002,0.907027122,1.004857122,0.964207122,1.251036114,1.348866114,1.308216114,1.39653867,1.49436867,1.45371867,1.5163327999999998,1.6141628,1.5735127999999998,1.731336,1.829166,1.788516,1.453793,1.551623,1.510973,1.581479721,1.679309721,1.638659721,1.5365235,1.6343535,1.5937035,1.53500788,1.63283788,1.59218788,1.7137598649999999,1.811589865,1.770939865,0.629669356,0.727499356,0.686849356,0.95439029,1.05222029,1.0115702899999999,1.4592178599999999,1.55704786,1.5163978599999999,1.89014,1.98797,1.94732,0.38002009999999997,0.4778501,0.4372001
1970,2.08168,1.61273,1.78294,1.4817842509999999,1.6277642509999999,1.556774251,1.3028929999999999,1.4488729999999999,1.377883,2.126925007,2.272905007,2.2019150069999998,1.5766151,1.7225951,1.6516051,2.272489154,2.418469154,2.3474791539999997,2.157869448,2.303849448,2.2328594479999997,1.327830836,1.4738108360000002,1.402820836,0.9952255720000001,1.141205572,1.070215572,1.96298668,2.10896668,2.03797668,1.4062851299999999,1.5522651299999999,1.48127513,1.9645271999999998,2.1105072,2.0395171999999997,2.122682,2.268662,2.197672,1.264673,1.410653,1.339663,1.8881531489999999,2.034133149,1.963143149,1.74338675,1.8893667500000002,1.81837675,1.7152022,1.8611822,1.7901922000000001,1.863265035,2.009245035,1.938255035,1.05279375,1.19877375,1.1277837499999999,1.0618762,1.2078562000000002,1.1368662,1.716044012,1.862024012,1.7910340120000001,1.6699199999999998,1.8159,1.74491,0.5757222,0.7217022,0.6507122
1971,1.92848,1.49471,1.60361,1.2170819549999998,1.1913319549999999,1.2828419549999999,0.991927,0.966177,1.057687,1.795768965,1.770018965,1.861528965,1.4462496999999999,1.4204997,1.5120097,2.453862907,2.428112907,2.519622907,2.324690653,2.2989406530000003,2.3904506530000003,0.99118162,0.9654316199999999,1.05694162,0.713264786,0.6875147859999999,0.7790247859999999,1.231671744,1.205921744,1.297431744,1.38944221,1.36369221,1.45520221,1.0024275,0.9766775,1.0681875,1.7429249999999998,1.717175,1.8086849999999999,1.117051,1.091301,1.182811,1.4369028,1.4111528,1.5026628,1.4992961,1.4735461,1.5650561,1.57218309,1.54643309,1.63794309,1.16141429,1.13566429,1.22717429,0.915485576,0.889735576,0.9812455760000001,0.7803424,0.7545923999999999,0.8461023999999999,1.135019848,1.109269848,1.200779848,1.32679,1.30104,1.39255,0.418424,0.39267399999999997,0.484184
1972,2.09255,1.47411,1.7047,2.009232361,2.0233023610000003,2.070572361,0.970689,0.9847589999999999,1.032029,1.752336475,1.766406475,1.813676475,1.4890898,1.5031598,1.5504298,2.162868892,2.176938892,2.224208892,2.289346417,2.3034164169999998,2.350686417,1.59882148,1.61289148,1.6601614800000002,0.7771986000000001,0.7912686,0.8385386,1.890187979,1.904257979,1.9515279790000002,1.3323552799999998,1.3464252799999998,1.39369528,0.49819,0.5122599999999999,0.55953,1.47007,1.48414,1.5314100000000002,1.576649,1.590719,1.6379890000000001,1.594984588,1.609054588,1.6563245880000002,1.33012341,1.34419341,1.39146341,1.25332008,1.26739008,1.3146600800000001,1.6774248539999999,1.6914948539999999,1.738764854,0.749144554,0.7632145539999999,0.810484554,0.7600504,0.7741203999999999,0.8213904,0.48193199,0.49600199,0.54327199,1.4727,1.48677,1.53404,0.18789876,0.20196876,0.24923876
1973,1.99865,1.47929,1.64291,1.161271956,1.159251956,1.2116319560000002,0.8085680000000001,0.806548,0.858928,1.851954454,1.849934454,1.902314454,1.3476077,1.3455877,1.3979677000000001,2.2513825940000003,2.249362594,2.3017425940000003,2.037255277,2.035235277,2.087615277,1.63065423,1.62863423,1.6810142300000002,1.099337326,1.097317326,1.149697326,1.076130783,1.074110783,1.126490783,1.10026073,1.09824073,1.15062073,0.8293406,0.8273206,0.8797005999999999,1.8720029999999999,1.869983,1.922363,1.2096829999999998,1.207663,1.260043,1.7840045469999999,1.781984547,1.834364547,1.4288758099999999,1.42685581,1.47923581,1.3312672799999998,1.32924728,1.38162728,0.9740747280000001,0.972054728,1.0244347280000001,0.844438333,0.842418333,0.894798333,0.8688332,0.8668132,0.9191931999999999,1.0868205229999999,1.084800523,1.137180523,1.6819499999999998,1.67993,1.73231,0.45937235,0.45735235,0.5097323500000001
1974,1.99016,1.5178,1.66098,0.885004208,0.946964208,0.951614208,0.476156,0.538116,0.542766,1.491369628,1.553329628,1.557979628,1.6345409,1.6965009,1.7011509,2.401482858,2.463442858,2.468092858,2.020817932,2.082777932,2.087427932,0.60859863,0.67055863,0.67520863,0.9012670930000001,0.9632270930000001,0.967877093,1.4828932819999998,1.5448532819999998,1.5495032819999999,1.15590613,1.21786613,1.22251613,0.42372600000000005,0.48568600000000006,0.490336,1.679184,1.741144,1.745794,0.6775100000000001,0.7394700000000001,0.74412,1.22728426,1.28924426,1.29389426,1.20941342,1.27137342,1.27602342,1.55008737,1.61204737,1.61669737,0.933915014,0.995875014,1.000525014,0.45866951300000003,0.520629513,0.525279513,0.6818156000000001,0.7437756000000001,0.7484256,0.298015443,0.359975443,0.364625443,1.02912,1.09108,1.09573,-0.26827040999999996,-0.20631040999999997,-0.20166040999999998
1975,1.91347,1.48893,1.61138,1.704564655,1.689724655,1.758574655,0.754989,0.740149,0.808999,1.852071182,1.837231182,1.906081182,1.6066365999999999,1.5917966,1.6606466,2.385896673,2.371056673,2.439906673,2.304964074,2.290124074,2.358974074,1.2634238299999998,1.2485838299999998,1.31743383,1.05632316,1.04148316,1.11033316,2.287340817,2.272500817,2.341350817,1.2367481699999998,1.2219081699999998,1.29075817,0.8047046,0.7898646,0.8587146,1.6324619999999999,1.617622,1.686472,1.06924,1.0544,1.12325,1.4613432,1.4465032,1.5153532,1.23374304,1.21890304,1.2877530400000001,1.10915848,1.09431848,1.16316848,1.546957448,1.532117448,1.600967448,0.200121802,0.185281802,0.254131802,0.6930891,0.6782490999999999,0.7470991,1.198879238,1.184039238,1.252889238,1.2049699999999999,1.19013,1.25898,-0.06494926000000001,-0.07978926,-0.010939260000000006
1976,1.86563,1.49324,1.60315,1.7228018189999998,1.755221819,1.7848218189999998,0.770974,0.803394,0.832994,1.706772472,1.739192472,1.768792472,1.5375261999999998,1.5699462,1.5995461999999998,2.537846784,2.5702667839999997,2.599866784,2.2118890070000004,2.244309007,2.2739090070000003,1.10192066,1.13434066,1.16394066,0.812602088,0.845022088,0.874622088,1.7957940259999998,1.828214026,1.8578140259999998,1.07384212,1.10626212,1.13586212,0.6952734,0.7276934,0.7572934,1.528667,1.5610870000000001,1.590687,1.05652,1.08894,1.1185399999999999,1.22545912,1.2578791200000001,1.28747912,0.9598081900000001,0.9922281900000001,1.02182819,1.11442483,1.14684483,1.1764448299999999,1.4040382919999999,1.436458292,1.466058292,0.555960729,0.588380729,0.617980729,0.679556,0.711976,0.741576,0.629809404,0.662229404,0.6918294039999999,1.06876,1.10118,1.1307800000000001,-0.060135049999999995,-0.02771504999999999,0.0018849499999999964
1977,2.12444,1.5089,1.78704,1.6284750609999998,1.692985061,1.684125061,0.9203060000000001,0.984816,0.975956,1.845001473,1.909511473,1.900651473,1.5897438,1.6542538,1.6453938,2.185261623,2.249771623,2.240911623,2.088698221,2.1532082210000003,2.144348221,1.74198374,1.80649374,1.7976337400000002,0.716680781,0.781190781,0.772330781,0.976897549,1.041407549,1.032547549,1.1952992,1.2598092,1.2509492,0.7217402,0.7862502,0.7773902,1.387943,1.452453,1.443593,1.234584,1.299094,1.2902339999999999,1.45546457,1.51997457,1.5111145700000002,1.3097885999999999,1.3742986,1.3654386,0.93668319,1.00119319,0.99233319,1.3562079679999999,1.420717968,1.411857968,0.13400953499999999,0.198519535,0.189659535,0.4436799,0.5081899,0.4993299,1.127586945,1.192096945,1.183236945,1.48166,1.54617,1.5373100000000002,0.10123093999999999,0.16574094,0.15688094
1978,2.09583,1.51423,1.76431,1.1867612829999998,1.2392612829999998,1.237221283,0.696408,0.748908,0.746868,1.916446441,1.968946441,1.9669064410000001,1.7489941999999998,1.8014941999999998,1.7994542,2.613090264,2.665590264,2.663550264,1.9326623569999999,1.9851623569999999,1.983122357,1.28680332,1.33930332,1.3372633200000001,0.522480753,0.574980753,0.572940753,1.5555040379999998,1.6080040379999998,1.605964038,1.28750175,1.3400017499999999,1.33796175,1.2404426,1.2929426,1.2909026000000001,1.9223739999999998,1.9748739999999998,1.972834,0.729942,0.782442,0.7804019999999999,1.57157168,1.62407168,1.62203168,1.38653688,1.43903688,1.4369968800000001,1.72630872,1.77880872,1.7767687200000002,1.431137637,1.483637637,1.4815976370000001,0.990079468,1.042579468,1.040539468,0.743001,0.795501,0.793461,0.9983134850000001,1.050813485,1.0487734850000001,1.42486,1.47736,1.4753200000000002,0.05636052,0.10886051999999999,0.10682052
1979,1.81779,1.42876,1.54807,1.30992142,1.29715142,1.35233142,1.1504249999999998,1.1376549999999999,1.1928349999999999,1.9136401639999998,1.9008701639999999,1.9560501639999999,1.3934195999999999,1.3806496,1.4358296,2.567349338,2.554579338,2.609759338,2.2225260710000003,2.209756071,2.264936071,1.61080937,1.59803937,1.65321937,0.695568162,0.682798162,0.737978162,1.964919433,1.952149433,2.007329433,1.36349277,1.35072277,1.40590277,1.2516353,1.2388653,1.2940453,1.8709959999999999,1.858226,1.913406,1.2639639999999999,1.251194,1.306374,1.8286787199999999,1.81590872,1.87108872,1.05618517,1.04341517,1.09859517,1.40463604,1.39186604,1.44704604,2.068622711,2.055852711,2.111032711,0.910806891,0.898036891,0.953216891,0.6925488000000001,0.6797788,0.7349588,1.284781435,1.272011435,1.327191435,1.37265,1.35988,1.41506,0.1734025,0.16063249999999998,0.2158125
1980,1.87536,1.43377,1.60461,1.7515453619999999,1.840435362,1.799065362,1.391233,1.480123,1.438753,1.814632597,1.903522597,1.862152597,1.1717393999999999,1.2606294,1.2192593999999999,2.406212166,2.4951021659999997,2.453732166,2.300177985,2.3890679849999996,2.347697985,1.8886810159999998,1.977571016,1.9362010159999998,0.762733882,0.8516238819999999,0.810253882,1.4801077029999998,1.568997703,1.5276277029999998,1.1947063599999999,1.28359636,1.2422263599999999,0.5727483,0.6616383,0.6202683,1.279436,1.3683260000000002,1.326956,1.20672,1.2956100000000002,1.25424,1.7426348759999999,1.831524876,1.790154876,1.4140010399999998,1.50289104,1.4615210399999998,0.9080192300000001,0.99690923,0.9555392300000001,1.9411795669999998,2.030069567,1.9886995669999998,1.089452821,1.178342821,1.136972821,0.51842155,0.6073115499999999,0.56594155,1.2023673289999999,1.291257329,1.2498873289999999,1.79274,1.8816300000000001,1.84026,0.37302603,0.46191603000000003,0.42054603
1981,1.83244,1.39666,1.54976,1.2071369490000001,1.165226949,1.254916949,0.603714,0.561804,0.651494,1.8037324160000001,1.761822416,1.851512416,1.3993985,1.3574884999999999,1.4471785,2.2371438379999997,2.195233838,2.284923838,2.251292005,2.209382005,2.299072005,1.34635531,1.30444531,1.39413531,0.6713214889999999,0.629411489,0.7191014889999999,1.001717107,0.959807107,1.049497107,1.20197808,1.1600680799999998,1.2497580799999999,0.8209948,0.7790848,0.8687748,1.540178,1.498268,1.587958,1.1910880000000001,1.149178,1.238868,1.631936464,1.590026464,1.679716464,1.3251722700000002,1.28326227,1.37295227,1.40405768,1.3621476799999999,1.45183768,1.163843891,1.1219338909999998,1.211623891,0.8101011410000001,0.7681911410000001,0.857881141,0.4254599,0.3835499,0.47323990000000005,0.8468941910000001,0.8049841910000001,0.894674191,1.30428,1.26237,1.35206,0.30038226999999995,0.25847227,0.34816227
1982,1.70151,1.36479,1.46281,1.68833877,1.63345877,1.71358877,0.859151,0.804271,0.884401,1.767932647,1.713052647,1.793182647,1.4263933,1.3715133,1.4516433,2.268967384,2.2140873840000004,2.2942173840000004,2.017137826,1.9622578259999999,2.0423878259999997,1.1814581,1.1265781,1.2067081,0.42609195099999997,0.37121195100000004,0.451341951,1.8568746,1.8019946,1.8821246,1.20219366,1.14731366,1.22744366,0.7610235,0.7061434999999999,0.7862735,1.405117,1.350237,1.430367,1.3354771,1.2805971,1.3607271,1.73473802,1.67985802,1.75998802,1.25067369,1.19579369,1.27592369,1.53714675,1.48226675,1.56239675,1.915233526,1.860353526,1.940483526,0.737942694,0.683062694,0.763192694,0.6826003,0.6277203,0.7078503,0.92229119,0.86741119,0.94754119,1.4137,1.35882,1.43895,0.15174233999999998,0.09686234,0.17699234000000003
1983,1.84438,1.38438,1.55278,1.59659346,1.55886346,1.6473834600000001,1.346835,1.3091050000000002,1.3976250000000001,1.96652092,1.92879092,2.01731092,1.1605401,1.1228101000000001,1.2113301,2.249929439,2.212199439,2.300719439,2.094824157,2.057094157,2.145614157,1.869043761,1.831313761,1.919833761,0.6962196740000001,0.658489674,0.7470096740000001,1.181255153,1.1435251530000001,1.232045153,1.11276695,1.0750369499999999,1.16355695,0.5708485,0.5331185,0.6216385,1.452755,1.415025,1.5035450000000001,1.568137,1.5304069999999999,1.618927,2.052607271,2.014877271,2.103397271,1.39433334,1.35660334,1.44512334,0.90830961,0.87057961,0.95909961,1.571492889,1.5337628890000001,1.622282889,1.4301820299999999,1.3924520299999998,1.48097203,0.43159251,0.39386251,0.48238251,1.148521254,1.110791254,1.199311254,1.93099,1.8932600000000002,1.98178,0.53188999,0.49415999,0.58267999
1984,2.03842,1.48933,1.73273,2.020016895,2.079066895,2.106416895,0.7416659999999999,0.800716,0.828066,1.658220284,1.717270284,1.7446202839999998,1.3629237,1.4219737000000001,1.4493236999999999,2.302143703,2.361193703,2.3885437030000003,1.9596187200000001,2.01866872,2.04601872,1.50437032,1.56342032,1.5907703199999998,0.78910865,0.84815865,0.87550865,0.7317407039999999,0.790790704,0.8181407039999999,0.9646592300000001,1.0237092300000001,1.05105923,0.939125,0.998175,1.025525,1.711344,1.770394,1.7977439999999998,1.29133,1.35038,1.3777300000000001,1.68389766,1.74294766,1.7702976599999998,1.3119778,1.3710277999999998,1.3983778,1.19072048,1.24977048,1.2771204799999998,1.4586496580000001,1.5176996580000002,1.545049658,0.694219269,0.753269269,0.780619269,0.3088227,0.3678727,0.3952227,0.607397525,0.6664475249999999,0.6937975249999999,1.42509,1.48414,1.5114899999999998,0.05909188,0.11814187999999999,0.14549187999999996
1985,2.12078,1.57839,1.85848,1.1999381709999999,1.265898171,1.287608171,0.7741669999999999,0.840127,0.861837,1.833545815,1.899505815,1.921215815,1.6019565,1.6679165,1.6896265000000001,2.102037312,2.167997312,2.189707312,2.027392798,2.0933527979999997,2.115062798,1.43826058,1.50422058,1.5259305799999998,0.663286833,0.7292468329999999,0.750956833,1.614663041,1.680623041,1.7023330410000002,1.23471711,1.30067711,1.3223871100000002,1.1379475000000001,1.2039075000000001,1.2256175,1.643314,1.709274,1.7309839999999999,0.966536,1.032496,1.054206,1.86917951,1.93513951,1.95684951,1.46649417,1.53245417,1.55416417,1.57727203,1.64323203,1.6649420300000002,1.39278744,1.45874744,1.48045744,0.952400411,1.018360411,1.0400704109999999,0.51725,0.58321,0.60492,1.24689654,1.31285654,1.33456654,1.61222,1.67818,1.69989,0.21026682,0.27622682,0.29793682
1986,2.19367,1.62111,1.87025,1.7538919149999999,1.805671915,1.8478019149999998,0.7209620000000001,0.772742,0.814872,2.292542187,2.344322187,2.3864521869999997,1.7352751,1.7870551000000001,1.8291851000000001,2.465401671,2.517181671,2.5593116709999997,2.27020439,2.32198439,2.3641143899999997,1.5936096899999999,1.64538969,1.6875196899999998,0.564309825,0.616089825,0.658219825,2.5481411720000002,2.599921172,2.642051172,1.57655562,1.62833562,1.6704656199999999,1.3193838,1.3711638000000002,1.4132938,1.666031,1.7178110000000002,1.759941,1.2252429999999999,1.277023,1.319153,1.8460092399999999,1.89778924,1.93991924,1.40402309,1.45580309,1.49793309,1.64155934,1.69333934,1.7354693399999999,1.699574766,1.7513547660000002,1.7934847660000002,1.192963168,1.244743168,1.286873168,0.5940296,0.6458096,0.6879396,1.2193883319999999,1.271168332,1.313298332,1.47705,1.5288300000000001,1.57096,0.26872077,0.32050077,0.36263077
1987,2.01437,1.57708,1.72892,2.0169231,1.9898831000000001,2.0815231,1.414409,1.387369,1.479009,2.592803407,2.565763407,2.657403407,1.6429227,1.6158826999999998,1.7075227,2.4093541149999997,2.382314115,2.4739541149999997,2.365949998,2.338909998,2.430549998,1.9702830390000001,1.943243039,2.034883039,0.800126822,0.773086822,0.864726822,1.730455105,1.703415105,1.795055105,1.46407722,1.4370372200000001,1.52867722,1.3282743000000001,1.3012343,1.3928743000000001,1.779384,1.752344,1.843984,1.580044,1.553004,1.644644,2.114997233,2.087957233,2.179597233,1.24659778,1.2195577800000001,1.31119778,1.40444604,1.3774060399999999,1.46904604,1.887325575,1.8602855749999998,1.951925575,1.195155701,1.168115701,1.259755701,0.59469156,0.56765156,0.65929156,1.434329459,1.4072894589999998,1.498929459,1.5883800000000001,1.56134,1.6529800000000001,0.6630743800000001,0.63603438,0.7276743800000001
1988,1.8956,1.54321,1.60214,1.862022374,1.799132374,1.929542374,0.883568,0.820678,0.951088,2.166390389,2.103500389,2.233910389,1.9046614,1.8417714,1.9721814,2.263205714,2.2003157140000003,2.330725714,2.265245333,2.2023553330000003,2.332765333,1.79493167,1.73204167,1.86245167,0.791910813,0.729020813,0.859430813,0.48856788399999995,0.42567788399999995,0.556087884,1.2912898,1.2283998,1.3588098,0.9369482,0.8740582,1.0044682,1.623081,1.560191,1.690601,1.227803,1.164913,1.295323,1.70257027,1.6396802700000002,1.77009027,1.41283848,1.3499484800000001,1.48035848,0.866802,0.803912,0.934322,1.651595115,1.588705115,1.719115115,0.792674533,0.729784533,0.860194533,0.5375034,0.47461339999999996,0.6050234,0.932915186,0.870025186,1.000435186,1.71364,1.6507500000000002,1.78116,0.58712196,0.52423196,0.65464196
1989,1.81898,1.51065,1.56733,1.4782643379999998,1.404604338,1.543094338,0.296331,0.222671,0.361161,1.769548243,1.695888243,1.834378243,2.0902115,2.0165515,2.1550415,2.641372441,2.567712441,2.706202441,2.222718004,2.149058004,2.287548004,0.99117467,0.9175146700000001,1.05600467,0.465616503,0.39195650299999996,0.530446503,1.448390114,1.3747301140000001,1.5132201140000001,1.19498696,1.12132696,1.25981696,0.5074538,0.4337938,0.5722838,1.5948440000000002,1.521184,1.659674,1.3729650000000002,1.2993050000000002,1.4377950000000002,1.5338698000000002,1.4602098000000001,1.5986998000000001,0.8899351,0.8162750999999999,0.9547650999999999,1.25078501,1.1771250100000001,1.3156150100000001,1.3607111170000001,1.287051117,1.425541117,0.312199162,0.23853916199999997,0.377029162,0.3900682,0.31640820000000003,0.45489820000000003,0.830604965,0.756944965,0.895434965,1.15988,1.08622,1.22471,0.0019679799999999803,-0.07169202000000002,0.06679797999999998
1990,1.73881,1.49255,1.54135,1.49983284,1.36228284,1.53893284,0.978525,0.840975,1.017625,1.7975077270000002,1.659957727,1.836607727,1.9424835,1.8049335,1.9815835,2.392656169,2.255106169,2.431756169,1.7554013620000002,1.6178513620000001,1.794501362,1.18645539,1.04890539,1.22555539,0.525521286,0.387971286,0.564621286,1.9322894270000002,1.794739427,1.971389427,1.17242556,1.03487556,1.2115255600000001,0.738756,0.601206,0.777856,1.5359630000000002,1.3984130000000001,1.575063,1.23037,1.09282,1.26947,1.7893629400000002,1.6518129400000001,1.82846294,1.1057257600000001,0.96817576,1.14482576,1.57173586,1.43418586,1.61083586,1.90928728,1.77173728,1.94838728,0.47989028300000003,0.342340283,0.5189902829999999,0.42401,0.28646,0.46311,1.183389167,1.045839167,1.222489167,1.3144,1.17685,1.3535,0.10155418999999999,-0.03599581,0.14065418999999998
1991,1.66273,1.4816,1.53932,1.5806857840000001,1.423945784,1.5955057840000002,0.996537,0.8397969999999999,1.0113569999999998,1.898761905,1.7420219049999999,1.913581905,1.5037205,1.3469805,1.5185404999999998,2.286413266,2.1296732659999997,2.3012332659999997,1.861752954,1.7050129539999999,1.8765729539999998,1.3952308500000001,1.23849085,1.4100508500000002,0.539428472,0.382688472,0.554248472,0.8557492600000001,0.69900926,0.87056926,1.2688667,1.1121267,1.2836867,0.4370694,0.2803294,0.4518894,1.599208,1.4424679999999999,1.6140279999999998,1.021489,0.864749,1.0363090000000001,1.50827947,1.3515394699999999,1.52309947,1.30010597,1.1433659699999998,1.31492597,1.40413397,1.2473939699999999,1.41895397,1.629464174,1.4727241739999999,1.644284174,0.841188925,0.6844489250000001,0.856008925,0.5244144,0.3676744,0.5392344,0.8059953040000001,0.649255304,0.820815304,1.42301,1.26627,1.43783,0.15975719,0.003017190000000003,0.17457719
1992,1.7801,1.49005,1.61623,1.732677773,1.6671077730000001,1.778667773,0.982098,0.916528,1.028088,1.522399226,1.456829226,1.568389226,1.497818,1.432248,1.543808,2.298942704,2.233372704,2.344932704,2.157703632,2.092133632,2.2036936320000002,1.94898954,1.8834195399999998,1.9949795399999999,0.36280256600000005,0.29723256600000003,0.408792566,1.934632829,1.8690628290000002,1.980622829,1.12828241,1.06271241,1.17427241,0.6452774,0.5797074,0.6912674,1.560186,1.4946160000000002,1.606176,1.482771,1.417201,1.528761,1.642531,1.5769609999999998,1.688521,1.15500121,1.0894312099999999,1.20099121,1.34590894,1.28033894,1.39189894,1.6718196810000001,1.606249681,1.717809681,1.102191156,1.036621156,1.1481811560000001,0.7802853,0.7147152999999999,0.8262752999999999,0.6606684780000001,0.5950984779999999,0.706658478,1.75165,1.68608,1.79764,0.46752331,0.40195331,0.51351331
1993,1.68725,1.48516,1.52188,1.193620069,1.105470069,1.2169500690000001,1.034687,0.946537,1.058017,1.844503958,1.756353958,1.8678339579999998,1.6790312,1.5908812,1.7023612,2.4252112419999996,2.337061242,2.4485412419999997,2.029274864,1.941124864,2.052604864,1.50149127,1.41334127,1.52482127,0.246204154,0.158054154,0.26953415399999997,1.08329881,0.99514881,1.1066288100000001,0.99497659,0.90682659,1.01830659,0.9589477000000001,0.8707977,0.9822777,1.743514,1.655364,1.7668439999999999,1.1413039999999999,1.053154,1.164634,1.60965742,1.52150742,1.63298742,1.06517329,0.97702329,1.08850329,1.69295552,1.60480552,1.71628552,1.6239565630000001,1.5358065630000002,1.6472865630000002,0.959736223,0.871586223,0.983066223,0.5153482,0.4271982,0.5386782,0.764361959,0.676211959,0.787691959,1.41528,1.3271300000000001,1.4386100000000002,0.26693306,0.17878306,0.29026306
1994,2.0275,1.57902,1.85383,1.636858532,1.598388532,1.6901885319999999,1.256467,1.217997,1.3097969999999999,1.937250563,1.898780563,1.990580563,1.6450358,1.6065658,1.6983658,2.015308204,1.976838204,2.068638204,1.9643154150000002,1.9258454150000002,2.017645415,2.06197253,2.02350253,2.11530253,0.994239675,0.955769675,1.047569675,1.456933779,1.418463779,1.510263779,1.25312404,1.21465404,1.30645404,0.8662244000000001,0.8277544000000001,0.9195544,1.481206,1.442736,1.534536,1.221406,1.182936,1.274736,1.66872627,1.63025627,1.72205627,1.76117765,1.72270765,1.81450765,1.10876759,1.07029759,1.16209759,1.651316092,1.612846092,1.704646092,0.6201197,0.5816497,0.6734496999999999,0.4957572,0.4572872,0.5490872,0.992729518,0.954259518,1.046059518,1.72829,1.68982,1.78162,0.32061095,0.28214095,0.37394095
1995,1.90222,1.59071,1.64742,1.644817667,1.568087667,1.675037667,1.4106530000000002,1.333923,1.440873,2.3957411889999998,2.319011189,2.4259611889999997,1.6687898,1.5920598,1.6990098,2.501269887,2.424539887,2.531489887,2.189930022,2.113200022,2.220150022,1.7176392900000002,1.6409092900000002,1.74785929,0.9354856410000001,0.858755641,0.965705641,2.5575436959999998,2.480813696,2.5877636959999997,1.5553170600000001,1.4785870600000002,1.58553706,2.2505536999999998,2.1738237,2.2807737,2.356605,2.279875,2.386825,1.4995340000000001,1.4228040000000002,1.529754,1.83652858,1.75979858,1.8667485799999999,1.3054852300000002,1.22875523,1.33570523,1.51944841,1.44271841,1.54966841,1.826820383,1.7500903829999999,1.857040383,1.064380749,0.9876507489999999,1.094600749,1.3281023,1.2513722999999999,1.3583223,1.444189014,1.367459014,1.474409014,1.67771,1.6009799999999998,1.70793,0.6078686600000001,0.53113866,0.63808866
1996,1.96425,1.67403,1.71802,1.655213471,1.838143471,1.6710234709999998,1.059875,1.242805,1.075685,1.833721422,2.016651422,1.849531422,1.7757475,1.9586775,1.7915575000000001,2.3979550659999997,2.580885066,2.413765066,2.08626012,2.2691901199999998,2.10207012,1.09104475,1.27397475,1.10685475,0.671263048,0.854193048,0.687073048,1.892154783,2.075084783,1.9079647830000002,1.19622875,1.37915875,1.21203875,1.2556148,1.4385448,1.2714248000000001,1.87449,2.05742,1.8902999999999999,1.398856,1.5817860000000001,1.414666,1.62785449,1.81078449,1.64366449,1.17183022,1.35476022,1.18764022,1.62558385,1.80851385,1.64139385,1.685108162,1.868038162,1.7009181619999998,0.8027934250000001,0.985723425,0.818603425,0.5516964,0.7346264,0.5675064000000001,0.903247498,1.086177498,0.919057498,1.43843,1.6213600000000001,1.45424,0.42632216,0.60925216,0.44213216
1997,2.36723,2.08413,2.11492,1.981332865,1.887832865,2.009882865,1.519746,1.426246,1.5482960000000001,2.6296453360000003,2.536145336,2.6581953360000004,2.5042765,2.4107765,2.5328265,2.8856595150000004,2.7921595150000003,2.9142095150000005,2.520612822,2.427112822,2.549162822,1.89749623,1.80399623,1.92604623,1.166282798,1.072782798,1.194832798,2.31928832,2.22578832,2.34783832,1.67925249,1.58575249,1.7078024900000002,2.1937457,2.1002457000000003,2.2222957,2.535214,2.441714,2.563764,1.715677,1.6221770000000002,1.744227,2.10101118,2.00751118,2.12956118,1.49016121,1.39666121,1.51871121,1.79524058,1.70174058,1.82379058,1.714802802,1.621302802,1.743352802,1.153607216,1.060107216,1.182157216,1.2165241999999998,1.1230242000000001,1.2450742,1.118161675,1.024661675,1.1467116750000002,1.9333799999999999,1.83988,1.96193,0.87200373,0.7785037300000001,0.90055373
1998,2.09556,1.64996,1.81581,1.496120216,1.491510216,1.538920216,1.500745,1.496135,1.543545,2.3549703109999998,2.350360311,2.397770311,1.9130466,1.9084366,1.9558465999999999,2.107540916,2.102930916,2.150340916,2.355782475,2.3511724750000003,2.398582475,1.99462915,1.99001915,2.03742915,0.973354241,0.968744241,1.016154241,1.462346526,1.457736526,1.5051465259999999,1.40341486,1.39880486,1.44621486,1.5711698,1.5665598,1.6139698,2.181109,2.1764989999999997,2.223909,1.80264,1.79803,1.84544,1.871264566,1.866654566,1.914064566,1.56376143,1.55915143,1.60656143,1.28374594,1.27913594,1.32654594,1.7048066020000001,1.7001966020000001,1.747606602,0.550531081,0.545921081,0.5933310810000001,0.9448391,0.9402291,0.9876391,1.029306963,1.024696963,1.072106963,1.6714,1.66679,1.7142,0.41741245000000005,0.41280245000000004,0.46021245
1999,1.99917,1.69334,1.68019,2.213184018,2.2043240180000003,2.2337440180000003,0.988084,0.979224,1.0086439999999999,2.2634175489999997,2.254557549,2.283977549,1.9051514,1.8962914,1.9257114,2.5592367719999998,2.550376772,2.579796772,2.221223606,2.2123636060000003,2.2417836060000003,1.31095559,1.30209559,1.33151559,0.578027851,0.569167851,0.598587851,2.2387176479999997,2.229857648,2.259277648,1.41314898,1.40428898,1.43370898,2.2500766999999997,2.2412167,2.2706367,2.422694,2.413834,2.443254,1.537423,1.528563,1.557983,1.6003505900000001,1.59149059,1.62091059,1.1956337000000001,1.1867737,1.2161937,1.32145406,1.31259406,1.34201406,1.54013375,1.53127375,1.56069375,0.619298618,0.610438618,0.639858618,1.466825,1.457965,1.487385,1.115069137,1.106209137,1.135629137,1.35324,1.34438,1.3738,0.28678155,0.27792155,0.30734155
2000,1.87922,1.60925,1.54354,1.544545582,1.4697855819999999,1.5563755819999998,1.007095,0.9323349999999999,1.0189249999999999,2.173605514,2.098845514,2.185435514,1.8318860000000001,1.757126,1.8437160000000001,2.7068616149999998,2.632101615,2.718691615,2.233024897,2.158264897,2.244854897,1.43993758,1.36517758,1.4517675799999998,0.370478251,0.295718251,0.382308251,2.31792153,2.24316153,2.3297515300000002,1.4291451000000002,1.3543851,1.4409751000000002,1.5512071,1.4764471,1.5630370999999998,2.354627,2.279867,2.366457,1.476776,1.402016,1.4886059999999999,1.53982474,1.4650647399999999,1.55165474,0.94700633,0.8722463300000001,0.95883633,1.24417021,1.16941021,1.2560002099999998,1.187413699,1.112653699,1.199243699,0.5984069830000001,0.523646983,0.6102369830000001,1.0877429,1.0129829,1.0995729,0.6515685760000001,0.576808576,0.6633985760000001,1.26566,1.1908999999999998,1.2774899999999998,0.17835142,0.10359141999999999,0.19018142
2001,1.63017,1.5162,1.32473,1.6881742100000001,1.55062421,1.6844142100000001,1.270809,1.133259,1.267049,2.1496067599999997,2.01205676,2.14584676,1.7391189,1.6015689,1.7353589,2.3697613339999997,2.232211334,2.366001334,2.2322035039999997,2.094653504,2.228443504,1.99471899,1.85716899,1.99095899,0.44578522099999995,0.308235221,0.44202522099999997,2.008352444,1.870802444,2.004592444,1.4342400100000001,1.29669001,1.4304800100000001,1.1803667,1.0428167,1.1766067,1.996189,1.858639,1.992429,1.5076260000000001,1.370076,1.5038660000000001,1.70073834,1.56318834,1.69697834,1.09425597,0.95670597,1.09049597,1.39094212,1.25339212,1.38718212,2.161793926,2.024243926,2.158033926,0.536779895,0.399229895,0.533019895,0.9496362,0.8120862,0.9458762000000001,0.8432916479999999,0.7057416479999999,0.8395316479999999,1.1063,0.96875,1.10254,0.27589915,0.13834915,0.27213915
2002,1.82859,1.5788,1.58199,2.017634666,1.899664666,2.022244666,1.3414000000000001,1.22343,1.3460100000000002,2.01174617,1.89377617,2.01635617,1.6838400999999998,1.5658701,1.6884500999999998,1.857126402,1.7391564019999999,1.861736402,2.289593519,2.171623519,2.294203519,2.4629822299999997,2.34501223,2.4675922299999997,0.6941798299999999,0.57620983,0.69878983,1.870164114,1.752194114,1.874774114,1.12299189,1.00502189,1.12760189,0.9943245,0.8763544999999999,0.9989345,1.412769,1.294799,1.417379,1.7889080000000002,1.670938,1.7935180000000002,1.8730285599999998,1.75505856,1.8776385599999998,1.3554571800000002,1.23748718,1.3600671800000002,1.15445989,1.0364898900000001,1.15906989,1.7979908189999998,1.6800208189999999,1.8026008189999998,0.629929985,0.5119599850000001,0.634539985,0.7642243,0.6462543000000001,0.7688343,0.842055614,0.7240856139999999,0.846665614,1.5769799999999998,1.45901,1.5815899999999998,0.6033584000000001,0.48538840000000005,0.6079684000000001
2003,2.253,1.62032,2.12112,1.318654042,1.2966540420000001,1.340964042,1.09635,1.07435,1.11866,1.74390526,1.7219052600000002,1.76621526,1.9402408,1.9182408,1.9625508,2.12561275,2.10361275,2.14792275,2.413866931,2.391866931,2.436176931,2.66294065,2.64094065,2.68525065,0.756947271,0.734947271,0.779257271,1.169019517,1.147019517,1.191329517,1.0963639299999999,1.07436393,1.11867393,1.560951,1.538951,1.583261,1.851991,1.8299910000000001,1.874301,1.74654,1.7245400000000002,1.76885,1.5951253399999998,1.5731253399999998,1.6174353399999999,1.6021030299999999,1.58010303,1.62441303,1.18682105,1.16482105,1.2091310499999999,1.5447398339999998,1.5227398339999998,1.5670498339999999,1.2878533429999999,1.2658533429999999,1.310163343,0.7269465,0.7049465,0.7492565,0.935101246,0.913101246,0.9574112459999999,1.72786,1.70586,1.75017,0.23267632,0.21067632,0.25498632
2004,1.95985,1.59195,1.72429,1.611117278,1.459847278,1.624277278,1.416934,1.265664,1.430094,2.681529811,2.530259811,2.694689811,1.8566597,1.7053897,1.8698197,2.462069658,2.310799658,2.475229658,2.192029522,2.040759522,2.205189522,1.53867215,1.38740215,1.55183215,0.489386049,0.33811604900000003,0.502546049,2.901368171,2.7500981710000003,2.914528171,1.51339592,1.36212592,1.52655592,2.486164,2.3348940000000002,2.499324,2.709655,2.5583850000000004,2.722815,1.4189889999999998,1.2677189999999998,1.432149,1.54339614,1.39212614,1.55655614,1.11041463,0.95914463,1.12357463,2.21127146,2.06000146,2.22443146,1.8212657129999998,1.6699957129999998,1.834425713,1.323347253,1.1720772529999999,1.336507253,1.3127653,1.1614953,1.3259253,1.619183255,1.467913255,1.632343255,1.14607,0.9948,1.15923,0.33643615,0.18516615,0.34959615
2005,1.79213,1.4742,1.58993,1.648092867,1.529622867,1.6703628670000001,1.3255460000000001,1.207076,1.347816,2.347128033,2.2286580330000003,2.369398033,1.7223951999999998,1.6039252,1.7446652,2.303019164,2.184549164,2.325289164,2.4572515690000003,2.338781569,2.479521569,1.78468837,1.66621837,1.8069583699999998,0.5817305909999999,0.463260591,0.6040005909999999,2.145547236,2.0270772360000002,2.167817236,1.2107244,1.0922543999999998,1.2329944,1.1550418,1.0365718,1.1773118,1.84801,1.72954,1.8702800000000002,1.5503559999999998,1.431886,1.572626,1.5944891700000001,1.47601917,1.61675917,1.11496909,0.99649909,1.13723909,1.08863365,0.97016365,1.11090365,1.9877228580000001,1.869252858,2.009992858,0.762129384,0.643659384,0.784399384,0.756095,0.637625,0.778365,1.4914216639999998,1.372951664,1.513691664,1.37636,1.25789,1.3986299999999998,0.61305063,0.49458063,0.63532063
2006,1.78441,1.61768,1.5382,1.630890022,1.552790022,1.6654900220000002,1.012295,0.934195,1.0468950000000001,2.0635550240000002,1.9854550240000002,2.098155024,1.9775293999999999,1.8994293999999998,2.0121294,2.508706594,2.430606594,2.543306594,2.4433317469999998,2.3652317469999997,2.477931747,1.94176119,1.8636611900000002,1.97636119,0.648609548,0.570509548,0.683209548,1.353378348,1.275278348,1.3879783479999999,1.26248922,1.18438922,1.2970892200000002,1.256256,1.178156,1.290856,2.058982,1.9808819999999998,2.093582,1.536833,1.458733,1.5714329999999999,1.51765168,1.4395516800000001,1.55225168,1.14026639,1.06216639,1.17486639,1.28879621,1.21069621,1.32339621,1.6188817519999998,1.540781752,1.6534817519999998,0.627878113,0.549778113,0.662478113,0.5815299,0.5034299,0.6161299,0.888527462,0.810427462,0.9231274620000001,1.46336,1.3852600000000002,1.49796,0.27365024,0.19555024,0.30825024
2007,1.66946,1.43126,1.47887,1.2570917449999999,1.2075917449999998,1.2864117449999999,1.12909,1.07959,1.15841,1.769579063,1.720079063,1.798899063,1.7864575,1.7369575,1.8157775,2.150761242,2.101261242,2.180081242,2.031235,1.981735,2.060555,1.72004641,1.67054641,1.74936641,0.729705378,0.680205378,0.759025378,1.694089848,1.6445898479999999,1.723409848,0.8895786999999999,0.8400787,0.9188987,0.7589159,0.7094159,0.7882359,1.868111,1.8186110000000002,1.897431,1.404971,1.355471,1.434291,1.45335259,1.40385259,1.48267259,0.9831154,0.9336154,1.0124354,1.13614118,1.08664118,1.1654611799999999,1.675037862,1.6255378619999998,1.704357862,0.452014021,0.402514021,0.481334021,0.457344,0.407844,0.486664,0.595157885,0.545657885,0.624477885,1.20011,1.15061,1.22943,0.11265875,0.06315874999999999,0.14197875
2008,1.78561,1.47867,1.60828,1.697103132,1.678103132,1.743603132,0.645929,0.6269290000000001,0.692429,1.987109212,1.9681092119999999,2.033609212,1.7461027,1.7271027,1.7926027,2.314310573,2.295310573,2.360810573,2.008443065,1.9894430650000001,2.054943065,1.85915538,1.8401553800000001,1.90565538,0.476636214,0.457636214,0.523136214,1.8231985290000001,1.8041985290000002,1.869698529,0.91588347,0.89688347,0.96238347,0.7776622,0.7586622,0.8241622,1.9457010000000001,1.926701,1.992201,1.520354,1.501354,1.566854,1.54225795,1.52325795,1.58875795,1.30351144,1.2845114400000002,1.35001144,1.31248345,1.29348345,1.35898345,1.269336654,1.2503366539999998,1.315836654,0.945835046,0.926835046,0.992335046,0.4960901,0.4770901,0.5425901,0.841288315,0.822288315,0.887788315,1.30119,1.28219,1.34769,-0.029208260000000014,-0.04820826,0.01729174
2009,1.98623,1.60055,1.76378,1.177696887,1.221526887,1.213746887,1.220728,1.264558,1.256778,2.1840003,2.2278303,2.2200503,2.1300161,2.1738461,2.1660661,2.586267173,2.630097173,2.622317173,2.126598196,2.170428196,2.162648196,2.2279964100000003,2.27182641,2.26404641,0.958111366,1.001941366,0.9941613659999999,2.168125365,2.2119553649999997,2.2041753649999998,1.24939404,1.2932240400000001,1.28544404,1.3885402,1.4323702,1.4245902000000001,2.3688890000000002,2.412719,2.404939,1.524699,1.568529,1.5607490000000002,1.65165989,1.69548989,1.68770989,1.05647447,1.10030447,1.09252447,1.6687026299999999,1.71253263,1.70475263,1.539486221,1.583316221,1.5755362210000001,0.997599465,1.041429465,1.033649465,0.5663813,0.6102113,0.6024313,1.057080902,1.1009109019999999,1.093130902,1.39279,1.43662,1.42884,0.20133529,0.24516528999999998,0.23738529000000003
2010,1.9793,1.60486,1.75249,1.138783805,1.231703805,1.163723805,1.3761269999999999,1.4690469999999998,1.4010669999999998,2.145738272,2.238658272,2.170678272,1.887612,1.9805320000000002,1.912552,2.528172071,2.621092071,2.553112071,2.15804702,2.25096702,2.18298702,2.4843199900000004,2.5772399900000003,2.5092599900000003,1.1757001360000001,1.268620136,1.200640136,1.416830294,1.5097502939999998,1.441770294,1.2979599,1.3908798999999998,1.3228999,1.6775911,1.7705110999999998,1.7025310999999999,2.531987,2.624907,2.556927,1.375783,1.468703,1.400723,1.51253978,1.60545978,1.53747978,0.95017723,1.0430972299999999,0.97511723,1.17562418,1.2685441800000001,1.20056418,1.142794561,1.235714561,1.167734561,0.7986050929999999,0.8915250929999999,0.8235450929999999,0.3888901,0.4818101,0.4138301,0.8595051229999999,0.9524251229999999,0.8844451229999999,1.35724,1.45016,1.38218,0.18808974,0.28100974,0.21302974
2011,1.88881,1.59833,1.74694,1.7209671260000001,1.686217126,1.770977126,0.9442280000000001,0.909478,0.9942380000000001,2.129798728,2.095048728,2.1798087280000003,2.127883,2.093133,2.177893,2.5874739989999997,2.552723999,2.6374839989999996,2.148292243,2.113542243,2.198302243,1.5707353400000001,1.53598534,1.62074534,0.90865247,0.87390247,0.95866247,2.594108085,2.559358085,2.6441180849999997,1.17296439,1.13821439,1.22297439,1.9164963,1.8817463,1.9665063,2.725435,2.690685,2.7754450000000004,1.243957,1.209207,1.2939669999999999,1.55665946,1.52190946,1.60666946,0.85471145,0.81996145,0.90472145,2.09650159,2.06175159,2.1465115900000002,1.5397389549999998,1.504988955,1.589748955,0.617120431,0.582370431,0.667130431,0.34011630000000004,0.3053663,0.39012630000000004,0.8992229350000001,0.864472935,0.949232935,0.98973,0.9549799999999999,1.03974,0.13504920000000004,0.10029919999999999,0.18505920000000003
2012,1.99488,1.58228,1.89401,2.247217055,2.369817055,2.298927055,1.4197760000000001,1.542376,1.471486,1.998377322,2.120977322,2.050087322,2.0737565,2.1963565,2.1254665,2.298252192,2.420852192,2.349962192,2.357701949,2.480301949,2.409411949,2.36115847,2.4837584699999997,2.41286847,1.103987417,1.226587417,1.1556974169999998,2.317526413,2.4401264129999998,2.369236413,1.06792007,1.19052007,1.11963007,0.8717813000000001,0.9943813,0.9234913,1.9354660000000001,2.058066,1.987176,1.583372,1.705972,1.635082,1.7076855400000002,1.8302855400000002,1.75939554,1.14697961,1.26957961,1.19868961,0.64484052,0.7674405200000001,0.69655052,1.955031205,2.077631205,2.006741205,0.311472124,0.434072124,0.363182124,0.6835872000000001,0.8061872,0.7352972,0.816340224,0.938940224,0.868050224,1.17307,1.2956699999999999,1.22478,0.34032837,0.46292837,0.39203836999999997
2013,1.93297,1.5373,1.70401,1.084246279,1.119826279,1.1412362790000001,1.358568,1.3941480000000002,1.415558,2.012135685,2.047715685,2.069125685,2.0638899,2.0994699,2.1208799000000003,2.113286476,2.148866476,2.1702764759999997,2.073415137,2.108995137,2.1304051370000003,2.05346616,2.08904616,2.11045616,0.746765284,0.782345284,0.803755284,1.355377871,1.3909578710000001,1.412367871,0.90223259,0.9378125900000001,0.95922259,1.1915297,1.2271097,1.2485197000000001,1.9272639999999999,1.962844,1.984254,1.38581,1.4213900000000002,1.4428,1.7843076299999998,1.81988763,1.84129763,1.19555975,1.23113975,1.25254975,1.63243794,1.6680179400000001,1.68942794,1.3406248269999999,1.376204827,1.397614827,0.679063808,0.714643808,0.7360538080000001,0.1321894,0.1677694,0.1891794,1.7183210899999999,1.75390109,1.77531109,1.28747,1.32305,1.34446,0.27143064,0.30701064,0.32842064
2014,1.95916,1.56689,1.72224,1.074822833,1.019602833,1.115702833,1.318234,1.263014,1.359114,2.159622674,2.104402674,2.200502674,2.5929241,2.5377041,2.6338041,2.587332163,2.5321121630000003,2.628212163,1.974532061,1.9193120609999998,2.015412061,2.01991845,1.9646984500000002,2.06079845,0.920539827,0.865319827,0.9614198270000001,2.230066841,2.174846841,2.270946841,1.06960769,1.01438769,1.11048769,0.6749044,0.6196843999999999,0.7157844,2.209687,2.154467,2.250567,1.40506,1.34984,1.44594,1.71460715,1.6593871500000001,1.75548715,1.01966316,0.96444316,1.06054316,2.02827758,1.9730575799999999,2.06915758,1.8699180949999998,1.8146980949999998,1.9107980949999999,0.9722776449999999,0.917057645,1.013157645,0.5028661999999999,0.4476462,0.5437462,0.718039024,0.662819024,0.758919024,1.01787,0.96265,1.05875,0.08906483999999998,0.03384483999999999,0.12994484
2015,1.99324,1.65745,1.6817,1.789297205,1.8710272049999999,1.820657205,1.762888,1.844618,1.794248,2.398800608,2.480530608,2.430160608,2.3502443,2.4319743,2.3816043,2.357937599,2.439667599,2.389297599,2.3705500710000003,2.452280071,2.401910071,2.50595736,2.58768736,2.53731736,1.361805436,1.443535436,1.393165436,2.384345502,2.466075502,2.415705502,0.99100496,1.07273496,1.02236496,1.2215646,1.3032946,1.2529246,2.02909,2.11082,2.06045,1.720143,1.801873,1.751503,1.76480973,1.84653973,1.7961697300000001,1.14771761,1.22944761,1.17907761,1.64761904,1.7293490399999998,1.67897904,2.116966549,2.198696549,2.148326549,1.41091534,1.4926453400000002,1.4422753400000001,0.5843396000000001,0.6660695999999999,0.6156996,1.178690378,1.260420378,1.210050378,1.19443,1.27616,1.22579,0.38221063,0.46394062999999996,0.41357063000000005
2016,1.69613,1.36737,1.3387,1.3530059810000001,1.334685981,1.3577859810000001,1.27064,1.2523199999999999,1.27542,1.830134423,1.811814423,1.834914423,2.1050415,2.0867215,2.1098215,2.055723498,2.037403498,2.060503498,2.024114112,2.0057941120000002,2.028894112,2.07175328,2.05343328,2.07653328,0.899294111,0.880974111,0.904074111,1.2849192710000001,1.266599271,1.2896992710000001,0.68098439,0.66266439,0.68576439,0.4857751,0.4674551,0.4905551,1.6542620000000001,1.635942,1.6590420000000001,1.360232,1.341912,1.3650120000000001,1.15897647,1.14065647,1.16375647,0.94861199,0.93029199,0.95339199,1.07604253,1.05772253,1.08082253,1.8182165700000001,1.79989657,1.8229965700000001,0.808367292,0.790047292,0.813147292,0.3223544,0.3040344,0.3271344,0.960289128,0.941969128,0.965069128,1.48984,1.47152,1.49462,0.4369069,0.4185869,0.4416869
2017,1.70438,1.33543,1.30607,1.345928958,1.306508958,1.352838958,1.090964,1.051544,1.097874,1.600431148,1.561011148,1.607341148,2.2844375,2.2450175000000003,2.2913475,2.052860777,2.013440777,2.0597707769999998,1.7662540500000001,1.7268340500000001,1.77316405,1.3822196,1.3427996,1.3891296,0.8095546730000001,0.770134673,0.816464673,0.956059361,0.916639361,0.962969361,0.920064,0.880644,0.926974,0.2664841,0.22706410000000002,0.2733941,1.6463320000000001,1.6069120000000001,1.653242,0.977242,0.937822,0.984152,1.50209718,1.46267718,1.50900718,1.12077576,1.08135576,1.1276857599999999,1.80255607,1.76313607,1.80946607,1.625383918,1.585963918,1.632293918,0.810670711,0.771250711,0.817580711,0.21512399999999998,0.17570400000000003,0.222034,0.505853184,0.466433184,0.512763184,0.93277,0.89335,0.93968,-0.04170347999999999,-0.08112347999999997,-0.03479347999999999
2018,1.56219,1.29797,1.13713,1.407420626,1.330750626,1.4163806259999998,0.9057850000000001,0.829115,0.9147449999999999,1.723431726,1.646761726,1.732391726,2.4285167,2.3518467,2.4374767,2.036065007,1.9593950070000001,2.045025007,2.29637625,2.2197062499999998,2.30533625,1.44297957,1.36630957,1.45193957,0.717961165,0.6412911649999999,0.726921165,2.192406605,2.115736605,2.201366605,0.7467318199999999,0.6700618199999999,0.75569182,0.5473063,0.4706363,0.5562663,1.739439,1.662769,1.7483989999999998,1.040094,0.9634240000000001,1.049054,1.50924334,1.43257334,1.51820334,0.85581318,0.7791431799999999,0.86477318,1.48333078,1.40666078,1.4922907799999998,1.369282409,1.292612409,1.3782424089999998,0.8294730619999999,0.7528030619999999,0.838433062,0.6455343,0.5688643,0.6544943,0.71342851,0.6367585099999999,0.72238851,1.12267,1.046,1.13163,-0.07248150999999997,-0.14915151,-0.06352151
2019,1.54141,1.29853,1.16157,1.564360504,1.442050504,1.5596705039999998,1.197109,1.074799,1.192419,1.860260725,1.7379507250000001,1.855570725,2.3461893,2.2238793,2.3414993,2.239787935,2.117477935,2.235097935,2.122909672,2.000599672,2.118219672,1.89368042,1.7713704199999998,1.8889904199999998,1.638262785,1.515952785,1.633572785,2.4766751989999998,2.354365199,2.471985199,0.49688931999999997,0.37457932,0.49219932,0.44101209999999996,0.3187021,0.4363221,1.277708,1.155398,1.273018,1.053633,0.931323,1.048943,1.30996484,1.18765484,1.30527484,0.87006341,0.74775341,0.8653734099999999,1.25415243,1.1318424299999998,1.24946243,1.5433527360000001,1.421042736,1.538662736,0.8786632029999999,0.756353203,0.873973203,0.5584236,0.4361136,0.5537335999999999,0.821060986,0.698750986,0.8163709859999999,0.9364999999999999,0.81419,0.93181,0.14305848999999998,0.02074849000000001,0.13836849
2020,1.4391,1.1695,1.08944,1.230397096,1.080747096,1.230467096,0.92344,0.77379,0.92351,1.590440234,1.440790234,1.590510234,2.2363099,2.0866599,2.2363799,2.150238785,2.000588785,2.150308785,1.7962753070000002,1.646625307,1.796345307,1.33844642,1.18879642,1.33851642,0.384998907,0.235348907,0.38506890699999996,1.454319131,1.304669131,1.454389131,0.64399965,0.49434965,0.6440696499999999,0.1938562,0.0442062,0.1939262,1.591367,1.4417170000000001,1.591437,1.020399,0.870749,1.020469,1.15482229,1.00517229,1.15489229,0.91793756,0.7682875600000001,0.9180075600000001,0.90137625,0.7517262499999999,0.90144625,1.644508525,1.4948585250000002,1.644578525,0.82532937,0.6756793699999999,0.82539937,0.2157379,0.0660879,0.2158079,0.5375950199999999,0.38794502,0.5376650199999999,1.23807,1.0884200000000002,1.23814,-0.17532673,-0.32497673,-0.17525673
2021,1.42691,1.20023,1.18599,1.3183235469999999,1.213403547,1.3285935469999999,0.8832749999999999,0.7783549999999999,0.8935449999999999,1.526651596,1.421731596,1.536921596,2.3037636,2.1988436,2.3140336,2.137562541,2.032642541,2.147832541,1.966117263,1.861197263,1.976387263,1.57508399,1.47016399,1.58535399,0.515308467,0.41038846700000003,0.525578467,1.245480127,1.140560127,1.255750127,0.78574462,0.68082462,0.79601462,0.12224639999999999,0.017326399999999992,0.13251639999999998,1.586798,1.481878,1.597068,1.30613,1.20121,1.3164,1.28215499,1.17723499,1.29242499,0.97083035,0.8659103499999999,0.98110035,0.82341597,0.71849597,0.83368597,1.369455049,1.264535049,1.379725049,0.70543593,0.60051593,0.71570593,0.1509759,0.0460559,0.1612459,0.686461326,0.581541326,0.696731326,0.95444,0.8495199999999999,0.96471,-0.17922977999999998,-0.28414977999999996,-0.16895977999999998
2022,1.46788,1.21485,1.23544,1.582995221,1.521125221,1.580035221,0.346209,0.284339,0.343249,1.351547653,1.2896776529999998,1.3485876529999998,2.379533,2.317663,2.376573,2.149290356,2.087420356,2.146330356,1.944561302,1.882691302,1.941601302,1.56640197,1.50453197,1.56344197,0.905012196,0.8431421960000001,0.9020521960000001,2.211588281,2.149718281,2.208628281,0.55899734,0.49712734000000003,0.55603734,0.0553341,-0.006535900000000011,0.05237410000000001,1.708685,1.646815,1.705725,1.128784,1.066914,1.125824,1.2177536,1.1558836,1.2147936,0.924611,0.862741,0.921651,1.40095713,1.33908713,1.39799713,1.639213315,1.5773433149999998,1.6362533149999998,0.663278485,0.601408485,0.660318485,0.6370655000000001,0.5751955,0.6341055,0.775775038,0.713905038,0.7728150380000001,1.17668,1.1148099999999999,1.1737199999999999,-0.32233208,-0.38420208,-0.32529208
2023,1.45173,1.21127,1.22255,2.171982783,2.121372783,2.168192783,1.1173600000000001,1.06675,1.1135700000000002,1.7962787580000001,1.745668758,1.7924887580000002,2.0536132,2.0030031999999998,2.0498232,2.115548751,2.064938751,2.111758751,2.193132939,2.142522939,2.189342939,2.02720994,1.97659994,2.02341994,0.6917290119999999,0.641119012,0.687939012,2.337977158,2.287367158,2.334187158,0.74619206,0.69558206,0.7424020600000001,0.6470307,0.5964207,0.6432407,1.725644,1.6750340000000001,1.721854,1.284132,1.233522,1.280342,1.3349317200000002,1.2843217200000001,1.3311417200000002,0.62590853,0.57529853,0.6221185300000001,1.12635288,1.07574288,1.12256288,1.7623917910000002,1.7117817910000002,1.7586017910000002,0.43796988299999995,0.387359883,0.434179883,0.7393293999999999,0.6887194,0.7355394,0.555465472,0.504855472,0.551675472,1.06452,1.01391,1.06073,-0.09788617,-0.14849616999999998,-0.10167616999999995
2024,1.4111,1.15012,1.19329,0.945447109,0.894837109,0.941657109,1.239737,1.189127,1.235947,1.6776256840000001,1.627015684,1.6738356840000002,1.885928,1.835318,1.8821379999999999,1.875895678,1.825285678,1.872105678,1.90220145,1.85159145,1.8984114499999998,0.9368880399999999,0.88627804,0.93309804,1.032169642,0.981559642,1.028379642,1.502596475,1.451986475,1.4988064749999999,0.59348912,0.54287912,0.58969912,0.4113219,0.3607119,0.4075319,1.482558,1.431948,1.478768,1.072344,1.021734,1.068554,1.277947969,1.227337969,1.274157969,0.90543127,0.8548212700000001,0.90164127,0.88003674,0.82942674,0.87624674,1.7432195400000001,1.69260954,1.7394295400000002,0.673971421,0.623361421,0.670181421,0.4319383,0.3813283,0.42814830000000004,0.502883359,0.452273359,0.499093359,1.1171,1.06649,1.11331,-0.07823783000000004,-0.12884783000000002,-0.08202783000000002
